experiment_set	experiment	score_set	MaveDB_urn	gene	n_variants	score_min	score_max	score_mean	score_std
3.0	a	2.0	urn:mavedb:00000003-a-2	BRCA1	2	-0.0894864327305727	0.6767863950322555	0.2936499811508414	0.5418367127500872
13.0	a	1.0	urn:mavedb:00000013-a-1	PTEN	870	-0.12385638896582	1.3362400308906102	0.6469771674876784	0.35698293667461994
13.0	b	1.0	urn:mavedb:00000013-b-1	TPMT	11	0.286188995716656	1.6624595822335602	0.9482688798237141	0.34666820097165985
36.0	a	1.0	urn:mavedb:00000036-a-1	LDLRAP1	10	0.5079	0.9561	0.7825300000000001	0.1556855024293099
36.0	a	2.0	urn:mavedb:00000036-a-2	LDLRAP1	10	0.6323	0.9094	0.78635	0.1049566074358563
48.0	a	1.0	urn:mavedb:00000048-a-1	CXCR4	532	-1.6675556177500002	1.85004349675	0.05600483175535714	0.46943477937106687
48.0	b	1.0	urn:mavedb:00000048-b-1	CXCR4	532	-4.4869542585	3.2925442055	-0.4104889910883929	0.9559373100477526
48.0	c	1.0	urn:mavedb:00000048-c-1	CXCR4	532	-4.152910331	2.844313389	-0.22451457942410716	0.8259032003150625
49.0	a	1.0	urn:mavedb:00000049-a-1	MTHFR	8	0.4605	0.9599	0.783	0.16078534048316007
49.0	a	2.0	urn:mavedb:00000049-a-2	MTHFR	7	0.0195	0.9855	0.6511285714285714	0.4236542407604174
49.0	a	3.0	urn:mavedb:00000049-a-3	MTHFR	7	0.2204	0.9649	0.7088142857142856	0.2704477055339376
49.0	a	4.0	urn:mavedb:00000049-a-4	MTHFR	8	0.2555	0.9655	0.70355	0.2790838583651874
49.0	a	5.0	urn:mavedb:00000049-a-5	MTHFR	7	0.0324	0.9801	0.6971285714285714	0.37624156120895574
49.0	a	6.0	urn:mavedb:00000049-a-6	MTHFR	8	0.3626	0.9642	0.7781625	0.21328899199710907
49.0	a	7.0	urn:mavedb:00000049-a-7	MTHFR	8	0.494912554030645	1.27952532139683	0.9197478415543658	0.24345745171820077
49.0	a	8.0	urn:mavedb:00000049-a-8	MTHFR	7	0.3579571498053879	1.33214172448647	0.8675515954476409	0.3280274372876005
55.0	0	1.0	urn:mavedb:00000055-0-1	NUDT15	2	0.149752975982273	0.438156331944414	0.2939546539633435	0.2039319687177876
55.0	a	1.0	urn:mavedb:00000055-a-1	NUDT15	2	0.149752975982273	0.8118085275246221	0.48078075175344753	0.46814397001779484
55.0	b	1.0	urn:mavedb:00000055-b-1	NUDT15	2	0.438156331944414	0.7597971932485971	0.5989767625965056	0.22743443413486966
68.0	a	1.0	urn:mavedb:00000068-a-1	TP53	1591	-1.9961782418930705	2.442838928754642	0.49562938544056917	0.795368475921304
68.0	b	1.0	urn:mavedb:00000068-b-1	TP53	1591	-2.472557104134263	1.924263515652428	0.26799978686838877	0.6960894137585767
68.0	c	1.0	urn:mavedb:00000068-c-1	TP53	1591	-2.0212590181512065	1.3628563923441817	-0.2446666233309096	0.7427582883268613
81.0	a	1.0	urn:mavedb:00000081-a-1	BRCA1	11	1.0	4.0	2.25	1.4222261679238197
81.0	a	2.0	urn:mavedb:00000081-a-2	BRCA1	195	-2.613843582675	0.835090468495	-0.1847307683743752	0.5431420550993258
94.0	a	14.0	urn:mavedb:00000094-a-14	KCNQ1	6	-0.030013571	0.956287857	0.3377046666666667	0.42902446192764476
94.0	a	15.0	urn:mavedb:00000094-a-15	KCNQ1	6	-0.030013571	0.956287857	0.3377046666666667	0.42902446192764476
97.0	0	1.0	urn:mavedb:00000097-0-1	BRCA1	81	-2.8399643539097297	0.328566194465033	-0.7121592216041188	0.83149402441528
97.0	a	1.0	urn:mavedb:00000097-a-1	BRCA1	28	-1.88597598329063	0.565701097551925	-0.506971375378148	0.652186507880235
97.0	b	1.0	urn:mavedb:00000097-b-1	BRCA1	28	-3.54891788890849	0.321578058983908	-0.948517477905377	0.9638912579618291
97.0	c	1.0	urn:mavedb:00000097-c-1	BRCA1	16	-2.85783501468435	0.172508829792451	-1.0260752614140913	1.038769887108209
97.0	d	1.0	urn:mavedb:00000097-d-1	BRCA1	16	-2.36646487430061	0.198747384854438	-0.957986102727695	1.0205010386201405
97.0	e	1.0	urn:mavedb:00000097-e-1	BRCA1	21	-3.15556193346297	0.619599008592896	-0.5354568153912597	0.9638269362853643
97.0	f	1.0	urn:mavedb:00000097-f-1	BRCA1	21	-2.2881663905938	0.153893998531744	-0.5082778137380084	0.7487982358923981
97.0	g	1.0	urn:mavedb:00000097-g-1	BRCA1	16	-3.46986016316128	0.148643207465464	-1.2212005669580877	1.0448805654007103
97.0	h	1.0	urn:mavedb:00000097-h-1	BRCA1	16	-2.81496130370458	0.706116057142359	-0.6408724273362885	0.8543225778709754
101.0	a	1.0	urn:mavedb:00000101-a-1	PTEN	879	-0.2319504131589889	1.7513286711039902	0.6289129271015617	0.43958229208143496
102.0	0	1.0	urn:mavedb:00000102-0-1	PTEN	1051	-0.2319504131589889	1.7513286711039902	0.633328706880162	0.3658561188129988
103.0	a	1.0	urn:mavedb:00000103-a-1	MAPK1	448	3.835900534	12.44057427	8.77938668627234	1.184174971437057
103.0	c	1.0	urn:mavedb:00000103-c-1	MAPK1	448	0.0	15.46205839	6.370704736608511	2.9211011130342213
103.0	d	1.0	urn:mavedb:00000103-d-1	MAPK1	448	0.0	14.12140853	7.317858332148936	2.5102948263394316
109.0	a	1.0	urn:mavedb:00000109-a-1	JAK1	15	-4.413	17.979	8.6931875	6.3165993511144904
115.0	a	3.0	urn:mavedb:00000115-a-3	KRAS	363	-1.2366904	2.2137058	0.21550744830486815	0.4959851389120812
115.0	a	4.0	urn:mavedb:00000115-a-4	KRAS	359	-0.6875771	2.3128676	0.19217059121704314	0.4707502331843305
115.0	a	5.0	urn:mavedb:00000115-a-5	KRAS	356	-0.8289494	2.4311292	0.14806499686177685	0.4664858604876273
115.0	a	6.0	urn:mavedb:00000115-a-6	KRAS	369	-1.3740641	3.07026	0.13046833995060242	0.4579488639655522
115.0	a	7.0	urn:mavedb:00000115-a-7	KRAS	379	-0.9048293	2.9170592	0.3531813445460784	0.3946702006558863
115.0	a	8.0	urn:mavedb:00000115-a-8	KRAS	1	-1.07433702543902	-1.07433702543902	-1.07433702543902	
115.0	a	9.0	urn:mavedb:00000115-a-9	KRAS	1	-0.10321838186198	-0.10321838186198	-0.10321838186198	
115.0	a	10.0	urn:mavedb:00000115-a-10	KRAS	3	-1.21668330481126	0.18893764294008	-0.3162914961669922	0.7817018061487168
115.0	a	11.0	urn:mavedb:00000115-a-11	KRAS	1	0.252110021666401	0.252110021666401	0.252110021666401	
115.0	a	13.0	urn:mavedb:00000115-a-13	KRAS	5	-1.12643188731254	-0.257643638567138	-0.7675550187860248	0.36923575615256726
115.0	a	14.0	urn:mavedb:00000115-a-14	KRAS	1	-0.240498812532299	-0.240498812532299	-0.240498812532299	
115.0	a	15.0	urn:mavedb:00000115-a-15	KRAS	4	-1.10664091937593	-0.477101235215414	-0.8160397716145842	0.3097634708551734
115.0	a	16.0	urn:mavedb:00000115-a-16	KRAS	4	-1.20303625083288	-0.263649684759621	-0.563533694310725	0.4322620368718725
115.0	a	17.0	urn:mavedb:00000115-a-17	KRAS	2	-1.11856604852196	0.0467307428211066	-0.5359176528504267	0.8239892632536077
115.0	a	18.0	urn:mavedb:00000115-a-18	KRAS	2	-1.18082179056642	-0.152908949170655	-0.4955465629692433	0.593465755683318
115.0	a	19.0	urn:mavedb:00000115-a-19	KRAS	2	-0.468103062992624	-0.244218457350679	-0.3561607601716515	0.15831032285269528
115.0	a	20.0	urn:mavedb:00000115-a-20	KRAS	5	-1.05863111532905	0.0240484120811844	-0.4370140210182448	0.5477736393923213
115.0	a	23.0	urn:mavedb:00000115-a-23	KRAS	1	0.0405238196749586	0.0405238196749586	0.0405238196749586	
115.0	a	24.0	urn:mavedb:00000115-a-24	KRAS	3	-1.13419494128821	-0.0050511462373568	-0.3875327576514824	0.6466931609068919
115.0	a	25.0	urn:mavedb:00000115-a-25	KRAS	1	-0.844286548494621	-0.844286548494621	-0.844286548494621	
115.0	a	26.0	urn:mavedb:00000115-a-26	KRAS	1	-1.26798830708334	-1.26798830708334	-1.26798830708334	
115.0	a	27.0	urn:mavedb:00000115-a-27	KRAS	2	-0.675065218327059	-0.484406321270063	-0.579735769798561	0.13481619900254976
115.0	a	28.0	urn:mavedb:00000115-a-28	KRAS	8	-0.999817094454268	-0.145806996870713	-0.6025708536113201	0.36244847982068185
733.0	a	1.0	urn:mavedb:00000733-a-1	CKS1B	2	-0.701913398997658	-0.530370254161165	-0.6161418265794115	0.1212993209799503
1199.0	a	1.0	urn:mavedb:00001199-a-1	CYP2C19	55	-0.0027464311556705	1.0809122441570147	0.7978623517591548	0.28842184488678635
1205.0	a	1.0	urn:mavedb:00001205-a-1	CHEK2	994	-1.881956216	3.477357205	0.716457369032345	0.6716723905020114
